 create database insurance;
 use insurance;
 create table person(driver_id varchar(10),name varchar(10),adress varchar(10));
 create table car(reg_no varchar(10),model varchar(10),year int);
 create table acident(reprt_no int,acc_date date,location varchar(10));
 create table owns(driver_id varchar(10),reg_no varchar(10));
 create table participated(driver_id varchar(10),reg_no varchar(10),reprt_no int,amount float(10,2));
 alter table car add primary key (reg_no);
 alter table person add primary key (driver_id);
 alter table acident add primary key (reprt_no);
 alter table owns add foreign key(driver_id) references person(driver_id);
 alter table owns add foreign key(reg_no) references car(reg_no);
 alter table participated add foreign key(driver_id) references person(driver_id);
 alter table participated add foreign key(reg_no) references car(reg_no);
 alter table participated add foreign key(reprt_no) references acident(reprt_no);
 insert into person values("DL01","vipul","delhi");
 insert into person values("HR01","Himesh","haryana");
 insert into person values("DL02","Sarthak","delhi");
 insert into person values("DL03","Vanshika","delhi");
 insert into person values("DL04","Sahil","delhi");
 insert into car values("CH001","Mercedes",2003);
 insert into car values("CH002","Swift",2002);
 insert into car values("CH003","Porsche",2001);
 insert into car values("CH004","Duster",2000);
 insert into car values("CH005","Honda City",2004);
 insert into owns values("DL01","CH001");
 insert into owns values("DL02","CH002");
 insert into owns values("DL03","CH003");
 insert into owns values("DL04","CH004");
 insert into owns values("HR01","CH005");
 insert into acident values(1,"2022-02-12","Delhi");
 insert into acident values(2,"2022-03-10","Delhi");
 insert into acident values(3,"2022-05-20","delhi");
 insert into acident values(4,"2022-04-21","delhi");
 insert into acident values(5,"2022-02-22","Haryana");
 insert into participated values("DL01","CH001",1,12000);
 insert into participated values("DL02","CH002",2,20000);
 insert into participated values("DL03","CH003",3,22000);
 insert into participated values("DL04","CH004",4,21000);
 insert into participated values("HR01","CH005",5,30000);
 select * from person;
 select * from car;
 select * from owns;
 select * from acident;
 desc person;
 desc car;
 desc owns;